study_accession_id,study_title,study_type,instrument_platform,instrument_model,library_layout,library_name,library_strategy,library_source,library_selection,experiment_accession_id,run_accession_id,sample_accession_id,sample_alias,biosample_id,sample_title
EGAS00001002554,Genentech - Cell line exome sequencing,Other,ILLUMINA,Illumina HiSeq 2500,PAIRED,SAM638628_exome,WXS,GENOMIC,unspecified,EGAX00001541706,EGAR00001586021,EGAN00001568488,SAM638628,SAMEA104176133,cell_line
EGAS00001002554,Genentech - Cell line exome sequencing,Other,ILLUMINA,Illumina HiSeq 2500,PAIRED,SAM637051_exome,WXS,GENOMIC,unspecified,EGAX00001541707,EGAR00001586022,EGAN00001568489,SAM637051,SAMEA104176134,cell_line
EGAS00001002554,Genentech - Cell line exome sequencing,Other,ILLUMINA,Illumina HiSeq 2500,PAIRED,SAM637165_exome,WXS,GENOMIC,unspecified,EGAX00001541708,EGAR00001586023,EGAN00001568490,SAM637165,SAMEA104176135,cell_line
EGAS00001002554,Genentech - Cell line exome sequencing,Other,ILLUMINA,Illumina HiSeq 2500,PAIRED,SAM638544_exome,WXS,GENOMIC,unspecified,EGAX00001541709,EGAR00001586024,EGAN00001568491,SAM638544,SAMEA104176136,cell_line
EGAS00001002554,Genentech - Cell line exome sequencing,Other,ILLUMINA,Illumina HiSeq 2500,PAIRED,SAM638574_exome,WXS,GENOMIC,unspecified,EGAX00001541710,EGAR00001586025,EGAN00001568492,SAM638574,SAMEA104176137,cell_line
EGAS00001002554,Genentech - Cell line exome sequencing,Other,ILLUMINA,Illumina HiSeq 2500,PAIRED,SAM638568_exome,WXS,GENOMIC,unspecified,EGAX00001541711,EGAR00001586026,EGAN00001568493,SAM638568,SAMEA104176138,cell_line
EGAS00001002554,Genentech - Cell line exome sequencing,Other,ILLUMINA,Illumina HiSeq 2500,PAIRED,SAM635345_exome,WXS,GENOMIC,unspecified,EGAX00001541712,EGAR00001586027,EGAN00001568494,SAM635345,SAMEA104176139,cell_line
EGAS00001002554,Genentech - Cell line exome sequencing,Other,ILLUMINA,Illumina HiSeq 2500,PAIRED,SAM638598_exome,WXS,GENOMIC,unspecified,EGAX00001541713,EGAR00001586028,EGAN00001568495,SAM638598,SAMEA104176140,cell_line
EGAS00001002554,Genentech - Cell line exome sequencing,Other,ILLUMINA,Illumina HiSeq 2500,PAIRED,SAM636273_exome,WXS,GENOMIC,unspecified,EGAX00001541714,EGAR00001586029,EGAN00001568496,SAM636273,SAMEA104176141,cell_line
EGAS00001002554,Genentech - Cell line exome sequencing,Other,ILLUMINA,Illumina HiSeq 2500,PAIRED,SAM638615_exome,WXS,GENOMIC,unspecified,EGAX00001541715,EGAR00001586030,EGAN00001568497,SAM638615,SAMEA104176142,cell_line
EGAS00001002554,Genentech - Cell line exome sequencing,Other,ILLUMINA,Illumina HiSeq 2500,PAIRED,SAM638633_exome,WXS,GENOMIC,unspecified,EGAX00001541716,EGAR00001586031,EGAN00001568498,SAM638633,SAMEA104176143,cell_line
EGAS00001002554,Genentech - Cell line exome sequencing,Other,ILLUMINA,Illumina HiSeq 2500,PAIRED,SAM637162_exome,WXS,GENOMIC,unspecified,EGAX00001541717,EGAR00001586032,EGAN00001568499,SAM637162,SAMEA104176144,cell_line
EGAS00001002554,Genentech - Cell line exome sequencing,Other,ILLUMINA,Illumina HiSeq 2500,PAIRED,SAM635678_exome,WXS,GENOMIC,unspecified,EGAX00001541718,EGAR00001586033,EGAN00001568500,SAM635678,SAMEA104176145,cell_line
EGAS00001002554,Genentech - Cell line exome sequencing,Other,ILLUMINA,Illumina HiSeq 2500,PAIRED,SAM20882203_exome,WXS,GENOMIC,unspecified,EGAX00001541719,EGAR00001586034,EGAN00001568501,SAM20882203,SAMEA104176146,cell_line
EGAS00001002554,Genentech - Cell line exome sequencing,Other,ILLUMINA,Illumina HiSeq 2500,PAIRED,SAM638701_exome,WXS,GENOMIC,unspecified,EGAX00001541720,EGAR00001586035,EGAN00001568502,SAM638701,SAMEA104176147,cell_line
EGAS00001002554,Genentech - Cell line exome sequencing,Other,ILLUMINA,Illumina HiSeq 2500,PAIRED,SAM635338_exome,WXS,GENOMIC,unspecified,EGAX00001541721,EGAR00001586036,EGAN00001568503,SAM635338,SAMEA104176148,cell_line
EGAS00001002554,Genentech - Cell line exome sequencing,Other,ILLUMINA,Illumina HiSeq 2500,PAIRED,SAM635705_exome,WXS,GENOMIC,unspecified,EGAX00001541722,EGAR00001586037,EGAN00001568504,SAM635705,SAMEA104176149,cell_line
EGAS00001002554,Genentech - Cell line exome sequencing,Other,ILLUMINA,Illumina HiSeq 2500,PAIRED,SAM636284_exome,WXS,GENOMIC,unspecified,EGAX00001541723,EGAR00001586038,EGAN00001568505,SAM636284,SAMEA104176150,cell_line
EGAS00001002554,Genentech - Cell line exome sequencing,Other,ILLUMINA,Illumina HiSeq 2500,PAIRED,SAM636253_exome,WXS,GENOMIC,unspecified,EGAX00001541724,EGAR00001586039,EGAN00001568506,SAM636253,SAMEA104176151,cell_line
EGAS00001002554,Genentech - Cell line exome sequencing,Other,ILLUMINA,Illumina HiSeq 2500,PAIRED,SAM636320_exome,WXS,GENOMIC,unspecified,EGAX00001541725,EGAR00001586040,EGAN00001568507,SAM636320,SAMEA104176152,cell_line
EGAS00001002554,Genentech - Cell line exome sequencing,Other,ILLUMINA,Illumina HiSeq 2500,PAIRED,SAM636275_exome,WXS,GENOMIC,unspecified,EGAX00001541726,EGAR00001586041,EGAN00001568508,SAM636275,SAMEA104176153,cell_line
EGAS00001002554,Genentech - Cell line exome sequencing,Other,ILLUMINA,Illumina HiSeq 2500,PAIRED,SAM635662_exome,WXS,GENOMIC,unspecified,EGAX00001541727,EGAR00001586042,EGAN00001568509,SAM635662,SAMEA104176154,cell_line
EGAS00001002554,Genentech - Cell line exome sequencing,Other,ILLUMINA,Illumina HiSeq 2500,PAIRED,SAM635673_exome,WXS,GENOMIC,unspecified,EGAX00001541728,EGAR00001586043,EGAN00001568510,SAM635673,SAMEA104176155,cell_line
EGAS00001002554,Genentech - Cell line exome sequencing,Other,ILLUMINA,Illumina HiSeq 2500,PAIRED,SAM637172_exome,WXS,GENOMIC,unspecified,EGAX00001541729,EGAR00001586044,EGAN00001568511,SAM637172,SAMEA104176156,cell_line
EGAS00001002554,Genentech - Cell line exome sequencing,Other,ILLUMINA,Illumina HiSeq 2500,PAIRED,SAM638687_exome,WXS,GENOMIC,unspecified,EGAX00001541730,EGAR00001586045,EGAN00001568512,SAM638687,SAMEA104176157,cell_line
EGAS00001002554,Genentech - Cell line exome sequencing,Other,ILLUMINA,Illumina HiSeq 2500,PAIRED,SAM638548_exome,WXS,GENOMIC,unspecified,EGAX00001541731,EGAR00001586046,EGAN00001568513,SAM638548,SAMEA104176158,cell_line
EGAS00001002554,Genentech - Cell line exome sequencing,Other,ILLUMINA,Illumina HiSeq 2500,PAIRED,SAM635679_exome,WXS,GENOMIC,unspecified,EGAX00001541732,EGAR00001586047,EGAN00001568514,SAM635679,SAMEA104176159,cell_line
EGAS00001002554,Genentech - Cell line exome sequencing,Other,ILLUMINA,Illumina HiSeq 2500,PAIRED,SAM638635_exome,WXS,GENOMIC,unspecified,EGAX00001541733,EGAR00001586048,EGAN00001568515,SAM638635,SAMEA104176160,cell_line
EGAS00001002554,Genentech - Cell line exome sequencing,Other,ILLUMINA,Illumina HiSeq 2500,PAIRED,SAM636334_exome,WXS,GENOMIC,unspecified,EGAX00001541734,EGAR00001586049,EGAN00001568516,SAM636334,SAMEA104176161,cell_line
EGAS00001002554,Genentech - Cell line exome sequencing,Other,ILLUMINA,Illumina HiSeq 2500,PAIRED,SAM638674_exome,WXS,GENOMIC,unspecified,EGAX00001541735,EGAR00001586050,EGAN00001568517,SAM638674,SAMEA104176162,cell_line
EGAS00001002554,Genentech - Cell line exome sequencing,Other,ILLUMINA,Illumina HiSeq 2500,PAIRED,SAM635710_exome,WXS,GENOMIC,unspecified,EGAX00001541736,EGAR00001586051,EGAN00001568518,SAM635710,SAMEA104176163,cell_line
EGAS00001002554,Genentech - Cell line exome sequencing,Other,ILLUMINA,Illumina HiSeq 2500,PAIRED,SAM638713_exome,WXS,GENOMIC,unspecified,EGAX00001541737,EGAR00001586052,EGAN00001568519,SAM638713,SAMEA104176164,cell_line
EGAS00001002554,Genentech - Cell line exome sequencing,Other,ILLUMINA,Illumina HiSeq 2500,PAIRED,SAM638597_exome,WXS,GENOMIC,unspecified,EGAX00001541738,EGAR00001586053,EGAN00001568520,SAM638597,SAMEA104176165,cell_line
EGAS00001002554,Genentech - Cell line exome sequencing,Other,ILLUMINA,Illumina HiSeq 2500,PAIRED,SAM8979719_exome,WXS,GENOMIC,unspecified,EGAX00001541739,EGAR00001586054,EGAN00001568521,SAM8979719,SAMEA104176166,cell_line
EGAS00001002554,Genentech - Cell line exome sequencing,Other,ILLUMINA,Illumina HiSeq 2500,PAIRED,SAM638673_exome,WXS,GENOMIC,unspecified,EGAX00001541740,EGAR00001586055,EGAN00001568522,SAM638673,SAMEA104176167,cell_line
EGAS00001002554,Genentech - Cell line exome sequencing,Other,ILLUMINA,Illumina HiSeq 2500,PAIRED,SAM637020_exome,WXS,GENOMIC,unspecified,EGAX00001541741,EGAR00001586056,EGAN00001568523,SAM637020,SAMEA104176168,cell_line
EGAS00001002554,Genentech - Cell line exome sequencing,Other,ILLUMINA,Illumina HiSeq 2500,PAIRED,SAM636276_exome,WXS,GENOMIC,unspecified,EGAX00001541742,EGAR00001586057,EGAN00001568524,SAM636276,SAMEA104176169,cell_line
EGAS00001002554,Genentech - Cell line exome sequencing,Other,ILLUMINA,Illumina HiSeq 2500,PAIRED,SAM636337_exome,WXS,GENOMIC,unspecified,EGAX00001541743,EGAR00001586058,EGAN00001568525,SAM636337,SAMEA104176170,cell_line
EGAS00001002554,Genentech - Cell line exome sequencing,Other,ILLUMINA,Illumina HiSeq 2500,PAIRED,SAM636390_exome,WXS,GENOMIC,unspecified,EGAX00001541744,EGAR00001586059,EGAN00001568526,SAM636390,SAMEA104176171,cell_line
EGAS00001002554,Genentech - Cell line exome sequencing,Other,ILLUMINA,Illumina HiSeq 2500,PAIRED,SAM638620_exome,WXS,GENOMIC,unspecified,EGAX00001541745,EGAR00001586060,EGAN00001568527,SAM638620,SAMEA104176172,cell_line
EGAS00001002554,Genentech - Cell line exome sequencing,Other,ILLUMINA,Illumina HiSeq 2500,PAIRED,SAM635697_exome,WXS,GENOMIC,unspecified,EGAX00001541746,EGAR00001586061,EGAN00001568528,SAM635697,SAMEA104176173,cell_line
EGAS00001002554,Genentech - Cell line exome sequencing,Other,ILLUMINA,Illumina HiSeq 2500,PAIRED,SAM8979690_exome,WXS,GENOMIC,unspecified,EGAX00001541747,EGAR00001586062,EGAN00001568529,SAM8979690,SAMEA104176174,cell_line
EGAS00001002554,Genentech - Cell line exome sequencing,Other,ILLUMINA,Illumina HiSeq 2500,PAIRED,SAM8979686_exome,WXS,GENOMIC,unspecified,EGAX00001541748,EGAR00001586063,EGAN00001568530,SAM8979686,SAMEA104176175,cell_line
EGAS00001002554,Genentech - Cell line exome sequencing,Other,ILLUMINA,Illumina HiSeq 2500,PAIRED,SAM635722_exome,WXS,GENOMIC,unspecified,EGAX00001541749,EGAR00001586064,EGAN00001568531,SAM635722,SAMEA104176176,cell_line
EGAS00001002554,Genentech - Cell line exome sequencing,Other,ILLUMINA,Illumina HiSeq 2500,PAIRED,SAM638565_exome,WXS,GENOMIC,unspecified,EGAX00001541750,EGAR00001586065,EGAN00001568532,SAM638565,SAMEA104176177,cell_line
EGAS00001002554,Genentech - Cell line exome sequencing,Other,ILLUMINA,Illumina HiSeq 2500,PAIRED,SAM635347_exome,WXS,GENOMIC,unspecified,EGAX00001541751,EGAR00001586066,EGAN00001568533,SAM635347,SAMEA104176178,cell_line
EGAS00001002554,Genentech - Cell line exome sequencing,Other,ILLUMINA,Illumina HiSeq 2500,PAIRED,SAM8979722_exome,WXS,GENOMIC,unspecified,EGAX00001541752,EGAR00001586067,EGAN00001568534,SAM8979722,SAMEA104176179,cell_line
EGAS00001002554,Genentech - Cell line exome sequencing,Other,ILLUMINA,Illumina HiSeq 2500,PAIRED,SAM638655_exome,WXS,GENOMIC,unspecified,EGAX00001541753,EGAR00001586068,EGAN00001568535,SAM638655,SAMEA104176180,cell_line
EGAS00001002554,Genentech - Cell line exome sequencing,Other,ILLUMINA,Illumina HiSeq 2500,PAIRED,SAM638584_exome,WXS,GENOMIC,unspecified,EGAX00001541754,EGAR00001586069,EGAN00001568536,SAM638584,SAMEA104176181,cell_line
EGAS00001002554,Genentech - Cell line exome sequencing,Other,ILLUMINA,Illumina HiSeq 2500,PAIRED,SAM638703_exome,WXS,GENOMIC,unspecified,EGAX00001541755,EGAR00001586070,EGAN00001568537,SAM638703,SAMEA104176182,cell_line
EGAS00001002554,Genentech - Cell line exome sequencing,Other,ILLUMINA,Illumina HiSeq 2500,PAIRED,SAM635326_exome,WXS,GENOMIC,unspecified,EGAX00001541756,EGAR00001586071,EGAN00001568538,SAM635326,SAMEA104176183,cell_line
EGAS00001002554,Genentech - Cell line exome sequencing,Other,ILLUMINA,Illumina HiSeq 2500,PAIRED,SAM636327_exome,WXS,GENOMIC,unspecified,EGAX00001541757,EGAR00001586072,EGAN00001568539,SAM636327,SAMEA104176184,cell_line
EGAS00001002554,Genentech - Cell line exome sequencing,Other,ILLUMINA,Illumina HiSeq 2500,PAIRED,SAM636250_exome,WXS,GENOMIC,unspecified,EGAX00001541758,EGAR00001586073,EGAN00001568540,SAM636250,SAMEA104176185,cell_line
EGAS00001002554,Genentech - Cell line exome sequencing,Other,ILLUMINA,Illumina HiSeq 2500,PAIRED,SAM638686_exome,WXS,GENOMIC,unspecified,EGAX00001541759,EGAR00001586074,EGAN00001568541,SAM638686,SAMEA104176186,cell_line
EGAS00001002554,Genentech - Cell line exome sequencing,Other,ILLUMINA,Illumina HiSeq 2500,PAIRED,SAM638594_exome,WXS,GENOMIC,unspecified,EGAX00001541760,EGAR00001586075,EGAN00001568542,SAM638594,SAMEA104176187,cell_line
EGAS00001002554,Genentech - Cell line exome sequencing,Other,ILLUMINA,Illumina HiSeq 2500,PAIRED,SAM635333_exome,WXS,GENOMIC,unspecified,EGAX00001541761,EGAR00001586076,EGAN00001568543,SAM635333,SAMEA104176188,cell_line
EGAS00001002554,Genentech - Cell line exome sequencing,Other,ILLUMINA,Illumina HiSeq 2500,PAIRED,SAM638656_exome,WXS,GENOMIC,unspecified,EGAX00001541762,EGAR00001586077,EGAN00001568544,SAM638656,SAMEA104176189,cell_line
EGAS00001002554,Genentech - Cell line exome sequencing,Other,ILLUMINA,Illumina HiSeq 2500,PAIRED,SAM635332_exome,WXS,GENOMIC,unspecified,EGAX00001541763,EGAR00001586078,EGAN00001568545,SAM635332,SAMEA104176190,cell_line
EGAS00001002554,Genentech - Cell line exome sequencing,Other,ILLUMINA,Illumina HiSeq 2500,PAIRED,SAM638698_exome,WXS,GENOMIC,unspecified,EGAX00001541764,EGAR00001586079,EGAN00001568546,SAM638698,SAMEA104176191,cell_line
EGAS00001002554,Genentech - Cell line exome sequencing,Other,ILLUMINA,Illumina HiSeq 2500,PAIRED,SAM635671_exome,WXS,GENOMIC,unspecified,EGAX00001541765,EGAR00001586080,EGAN00001568547,SAM635671,SAMEA104176192,cell_line
EGAS00001002554,Genentech - Cell line exome sequencing,Other,ILLUMINA,Illumina HiSeq 2500,PAIRED,SAM638588_exome,WXS,GENOMIC,unspecified,EGAX00001541766,EGAR00001586081,EGAN00001568548,SAM638588,SAMEA104176193,cell_line
EGAS00001002554,Genentech - Cell line exome sequencing,Other,ILLUMINA,Illumina HiSeq 2500,PAIRED,SAM637119_exome,WXS,GENOMIC,unspecified,EGAX00001541767,EGAR00001586082,EGAN00001568549,SAM637119,SAMEA104176194,cell_line
EGAS00001002554,Genentech - Cell line exome sequencing,Other,ILLUMINA,Illumina HiSeq 2500,PAIRED,SAM638592_exome,WXS,GENOMIC,unspecified,EGAX00001541768,EGAR00001586083,EGAN00001568550,SAM638592,SAMEA104176195,cell_line
EGAS00001002554,Genentech - Cell line exome sequencing,Other,ILLUMINA,Illumina HiSeq 2500,PAIRED,SAM8979715_exome,WXS,GENOMIC,unspecified,EGAX00001541769,EGAR00001586084,EGAN00001568551,SAM8979715,SAMEA104176196,cell_line
EGAS00001002554,Genentech - Cell line exome sequencing,Other,ILLUMINA,Illumina HiSeq 2500,PAIRED,SAM13773940_exome,WXS,GENOMIC,unspecified,EGAX00001541770,EGAR00001586085,EGAN00001568552,SAM13773940,SAMEA104176197,cell_line
EGAS00001002554,Genentech - Cell line exome sequencing,Other,ILLUMINA,Illumina HiSeq 2500,PAIRED,SAM637068_exome,WXS,GENOMIC,unspecified,EGAX00001541771,EGAR00001586086,EGAN00001568553,SAM637068,SAMEA104176198,cell_line
EGAS00001002554,Genentech - Cell line exome sequencing,Other,ILLUMINA,Illumina HiSeq 2500,PAIRED,SAM636364_exome,WXS,GENOMIC,unspecified,EGAX00001541772,EGAR00001586087,EGAN00001568554,SAM636364,SAMEA104176199,cell_line
EGAS00001002554,Genentech - Cell line exome sequencing,Other,ILLUMINA,Illumina HiSeq 2500,PAIRED,SAM636248_exome,WXS,GENOMIC,unspecified,EGAX00001541773,EGAR00001586088,EGAN00001568555,SAM636248,SAMEA104176200,cell_line
EGAS00001002554,Genentech - Cell line exome sequencing,Other,ILLUMINA,Illumina HiSeq 2500,PAIRED,SAM638609_exome,WXS,GENOMIC,unspecified,EGAX00001541774,EGAR00001586089,EGAN00001568556,SAM638609,SAMEA104176201,cell_line
EGAS00001002554,Genentech - Cell line exome sequencing,Other,ILLUMINA,Illumina HiSeq 2500,PAIRED,SAM635346_exome,WXS,GENOMIC,unspecified,EGAX00001541775,EGAR00001586090,EGAN00001568557,SAM635346,SAMEA104176202,cell_line
EGAS00001002554,Genentech - Cell line exome sequencing,Other,ILLUMINA,Illumina HiSeq 2500,PAIRED,SAM638613_exome,WXS,GENOMIC,unspecified,EGAX00001541776,EGAR00001586091,EGAN00001568558,SAM638613,SAMEA104176203,cell_line
EGAS00001002554,Genentech - Cell line exome sequencing,Other,ILLUMINA,Illumina HiSeq 2500,PAIRED,SAM636277_exome,WXS,GENOMIC,unspecified,EGAX00001541777,EGAR00001586092,EGAN00001568559,SAM636277,SAMEA104176204,cell_line
EGAS00001002554,Genentech - Cell line exome sequencing,Other,ILLUMINA,Illumina HiSeq 2500,PAIRED,SAM638587_exome,WXS,GENOMIC,unspecified,EGAX00001541778,EGAR00001586093,EGAN00001568560,SAM638587,SAMEA104176205,cell_line
EGAS00001002554,Genentech - Cell line exome sequencing,Other,ILLUMINA,Illumina HiSeq 2500,PAIRED,SAM636279_exome,WXS,GENOMIC,unspecified,EGAX00001541779,EGAR00001586094,EGAN00001568561,SAM636279,SAMEA104176206,cell_line
EGAS00001002554,Genentech - Cell line exome sequencing,Other,ILLUMINA,Illumina HiSeq 2500,PAIRED,SAM637079_exome,WXS,GENOMIC,unspecified,EGAX00001541780,EGAR00001586095,EGAN00001568562,SAM637079,SAMEA104176207,cell_line
EGAS00001002554,Genentech - Cell line exome sequencing,Other,ILLUMINA,Illumina HiSeq 2500,PAIRED,SAM635672_exome,WXS,GENOMIC,unspecified,EGAX00001541781,EGAR00001586096,EGAN00001568563,SAM635672,SAMEA104176208,cell_line
EGAS00001002554,Genentech - Cell line exome sequencing,Other,ILLUMINA,Illumina HiSeq 2500,PAIRED,SAM8979698_exome,WXS,GENOMIC,unspecified,EGAX00001541782,EGAR00001586097,EGAN00001568564,SAM8979698,SAMEA104176209,cell_line
EGAS00001002554,Genentech - Cell line exome sequencing,Other,ILLUMINA,Illumina HiSeq 2500,PAIRED,SAM638710_exome,WXS,GENOMIC,unspecified,EGAX00001541783,EGAR00001586098,EGAN00001568565,SAM638710,SAMEA104176210,cell_line
EGAS00001002554,Genentech - Cell line exome sequencing,Other,ILLUMINA,Illumina HiSeq 2500,PAIRED,SAM635717_exome,WXS,GENOMIC,unspecified,EGAX00001541784,EGAR00001586099,EGAN00001568566,SAM635717,SAMEA104176211,cell_line
EGAS00001002554,Genentech - Cell line exome sequencing,Other,ILLUMINA,Illumina HiSeq 2500,PAIRED,SAM638593_exome,WXS,GENOMIC,unspecified,EGAX00001541785,EGAR00001586100,EGAN00001568567,SAM638593,SAMEA104176212,cell_line
EGAS00001002554,Genentech - Cell line exome sequencing,Other,ILLUMINA,Illumina HiSeq 2500,PAIRED,SAM638662_exome,WXS,GENOMIC,unspecified,EGAX00001541786,EGAR00001586101,EGAN00001568568,SAM638662,SAMEA104176213,cell_line
EGAS00001002554,Genentech - Cell line exome sequencing,Other,ILLUMINA,Illumina HiSeq 2500,PAIRED,SAM8979680_exome,WXS,GENOMIC,unspecified,EGAX00001541787,EGAR00001586102,EGAN00001568569,SAM8979680,SAMEA104176214,cell_line
EGAS00001002554,Genentech - Cell line exome sequencing,Other,ILLUMINA,Illumina HiSeq 2500,PAIRED,SAM20882294_exome,WXS,GENOMIC,unspecified,EGAX00001541788,EGAR00001586103,EGAN00001568570,SAM20882294,SAMEA104176215,cell_line
EGAS00001002554,Genentech - Cell line exome sequencing,Other,ILLUMINA,Illumina HiSeq 2500,PAIRED,SAM8979703_exome,WXS,GENOMIC,unspecified,EGAX00001541789,EGAR00001586104,EGAN00001568571,SAM8979703,SAMEA104176216,cell_line
EGAS00001002554,Genentech - Cell line exome sequencing,Other,ILLUMINA,Illumina HiSeq 2500,PAIRED,SAM636225_exome,WXS,GENOMIC,unspecified,EGAX00001541790,EGAR00001586105,EGAN00001568572,SAM636225,SAMEA104176217,cell_line
EGAS00001002554,Genentech - Cell line exome sequencing,Other,ILLUMINA,Illumina HiSeq 2500,PAIRED,SAM638585_exome,WXS,GENOMIC,unspecified,EGAX00001541791,EGAR00001586106,EGAN00001568573,SAM638585,SAMEA104176218,cell_line
EGAS00001002554,Genentech - Cell line exome sequencing,Other,ILLUMINA,Illumina HiSeq 2500,PAIRED,SAM637120_exome,WXS,GENOMIC,unspecified,EGAX00001541792,EGAR00001586107,EGAN00001568574,SAM637120,SAMEA104176219,cell_line
EGAS00001002554,Genentech - Cell line exome sequencing,Other,ILLUMINA,Illumina HiSeq 2500,PAIRED,SAM20882185_exome,WXS,GENOMIC,unspecified,EGAX00001541793,EGAR00001586108,EGAN00001568575,SAM20882185,SAMEA104176220,cell_line
EGAS00001002554,Genentech - Cell line exome sequencing,Other,ILLUMINA,Illumina HiSeq 2500,PAIRED,SAM638604_exome,WXS,GENOMIC,unspecified,EGAX00001541794,EGAR00001586109,EGAN00001568576,SAM638604,SAMEA104176221,cell_line
EGAS00001002554,Genentech - Cell line exome sequencing,Other,ILLUMINA,Illumina HiSeq 2500,PAIRED,SAM20882192_exome,WXS,GENOMIC,unspecified,EGAX00001541795,EGAR00001586110,EGAN00001568577,SAM20882192,SAMEA104176222,cell_line
EGAS00001002554,Genentech - Cell line exome sequencing,Other,ILLUMINA,Illumina HiSeq 2500,PAIRED,SAM636377_exome,WXS,GENOMIC,unspecified,EGAX00001541796,EGAR00001586111,EGAN00001568578,SAM636377,SAMEA104176223,cell_line
EGAS00001002554,Genentech - Cell line exome sequencing,Other,ILLUMINA,Illumina HiSeq 2500,PAIRED,SAM635715_exome,WXS,GENOMIC,unspecified,EGAX00001541797,EGAR00001586112,EGAN00001568579,SAM635715,SAMEA104176224,cell_line
EGAS00001002554,Genentech - Cell line exome sequencing,Other,ILLUMINA,Illumina HiSeq 2500,PAIRED,SAM635676_exome,WXS,GENOMIC,unspecified,EGAX00001541798,EGAR00001586113,EGAN00001568580,SAM635676,SAMEA104176225,cell_line
EGAS00001002554,Genentech - Cell line exome sequencing,Other,ILLUMINA,Illumina HiSeq 2500,PAIRED,SAM8979685_exome,WXS,GENOMIC,unspecified,EGAX00001541799,EGAR00001586114,EGAN00001568581,SAM8979685,SAMEA104176226,cell_line
EGAS00001002554,Genentech - Cell line exome sequencing,Other,ILLUMINA,Illumina HiSeq 2500,PAIRED,SAM638684_exome,WXS,GENOMIC,unspecified,EGAX00001541800,EGAR00001586115,EGAN00001568582,SAM638684,SAMEA104176227,cell_line
EGAS00001002554,Genentech - Cell line exome sequencing,Other,ILLUMINA,Illumina HiSeq 2500,PAIRED,SAM8979728_exome,WXS,GENOMIC,unspecified,EGAX00001541801,EGAR00001586116,EGAN00001568583,SAM8979728,SAMEA104176228,cell_line
EGAS00001002554,Genentech - Cell line exome sequencing,Other,ILLUMINA,Illumina HiSeq 2500,PAIRED,SAM20882266_exome,WXS,GENOMIC,unspecified,EGAX00001541802,EGAR00001586117,EGAN00001568584,SAM20882266,SAMEA104176229,cell_line
EGAS00001002554,Genentech - Cell line exome sequencing,Other,ILLUMINA,Illumina HiSeq 2500,PAIRED,SAM636379_exome,WXS,GENOMIC,unspecified,EGAX00001541803,EGAR00001586118,EGAN00001568585,SAM636379,SAMEA104176230,cell_line
EGAS00001002554,Genentech - Cell line exome sequencing,Other,ILLUMINA,Illumina HiSeq 2500,PAIRED,SAM638612_exome,WXS,GENOMIC,unspecified,EGAX00001541804,EGAR00001586119,EGAN00001568586,SAM638612,SAMEA104176231,cell_line
EGAS00001002554,Genentech - Cell line exome sequencing,Other,ILLUMINA,Illumina HiSeq 2500,PAIRED,SAM635670_exome,WXS,GENOMIC,unspecified,EGAX00001541805,EGAR00001586120,EGAN00001568587,SAM635670,SAMEA104176232,cell_line
EGAS00001002554,Genentech - Cell line exome sequencing,Other,ILLUMINA,Illumina HiSeq 2500,PAIRED,SAM638546_exome,WXS,GENOMIC,unspecified,EGAX00001541806,EGAR00001586121,EGAN00001568588,SAM638546,SAMEA104176233,cell_line
EGAS00001002554,Genentech - Cell line exome sequencing,Other,ILLUMINA,Illumina HiSeq 2500,PAIRED,SAM638566_exome,WXS,GENOMIC,unspecified,EGAX00001541807,EGAR00001586122,EGAN00001568589,SAM638566,SAMEA104176234,cell_line
EGAS00001002554,Genentech - Cell line exome sequencing,Other,ILLUMINA,Illumina HiSeq 2500,PAIRED,SAM638677_exome,WXS,GENOMIC,unspecified,EGAX00001541808,EGAR00001586123,EGAN00001568590,SAM638677,SAMEA104176235,cell_line
EGAS00001002554,Genentech - Cell line exome sequencing,Other,ILLUMINA,Illumina HiSeq 2500,PAIRED,SAM638539_exome,WXS,GENOMIC,unspecified,EGAX00001541809,EGAR00001586124,EGAN00001568591,SAM638539,SAMEA104176236,cell_line
EGAS00001002554,Genentech - Cell line exome sequencing,Other,ILLUMINA,Illumina HiSeq 2500,PAIRED,SAM636222_exome,WXS,GENOMIC,unspecified,EGAX00001541810,EGAR00001586125,EGAN00001568592,SAM636222,SAMEA104176237,cell_line
EGAS00001002554,Genentech - Cell line exome sequencing,Other,ILLUMINA,Illumina HiSeq 2500,PAIRED,SAM636274_exome,WXS,GENOMIC,unspecified,EGAX00001541811,EGAR00001586126,EGAN00001568593,SAM636274,SAMEA104176238,cell_line
EGAS00001002554,Genentech - Cell line exome sequencing,Other,ILLUMINA,Illumina HiSeq 2500,PAIRED,SAM637122_exome,WXS,GENOMIC,unspecified,EGAX00001541812,EGAR00001586127,EGAN00001076233,SAM637122,SAMEA2018991,COR-L47
EGAS00001002554,Genentech - Cell line exome sequencing,Other,ILLUMINA,Illumina HiSeq 2500,PAIRED,SAM638716_exome,WXS,GENOMIC,unspecified,EGAX00001541813,EGAR00001586128,EGAN00001568594,SAM638716,SAMEA104176239,cell_line
EGAS00001002554,Genentech - Cell line exome sequencing,Other,ILLUMINA,Illumina HiSeq 2500,PAIRED,SAM20882291_exome,WXS,GENOMIC,unspecified,EGAX00001541814,EGAR00001586129,EGAN00001568595,SAM20882291,SAMEA104176240,cell_line
EGAS00001002554,Genentech - Cell line exome sequencing,Other,ILLUMINA,Illumina HiSeq 2500,PAIRED,SAM636432_exome,WXS,GENOMIC,unspecified,EGAX00001541815,EGAR00001586130,EGAN00001568596,SAM636432,SAMEA104176241,cell_line
EGAS00001002554,Genentech - Cell line exome sequencing,Other,ILLUMINA,Illumina HiSeq 2500,PAIRED,SAM636422_exome,WXS,GENOMIC,unspecified,EGAX00001541816,EGAR00001586131,EGAN00001568597,SAM636422,SAMEA104176242,cell_line
EGAS00001002554,Genentech - Cell line exome sequencing,Other,ILLUMINA,Illumina HiSeq 2500,PAIRED,SAM638678_exome,WXS,GENOMIC,unspecified,EGAX00001541817,EGAR00001586132,EGAN00001568598,SAM638678,SAMEA104176243,cell_line
EGAS00001002554,Genentech - Cell line exome sequencing,Other,ILLUMINA,Illumina HiSeq 2500,PAIRED,SAM637166_exome,WXS,GENOMIC,unspecified,EGAX00001541818,EGAR00001586133,EGAN00001568599,SAM637166,SAMEA104176244,cell_line
EGAS00001002554,Genentech - Cell line exome sequencing,Other,ILLUMINA,Illumina HiSeq 2500,PAIRED,SAM638573_exome,WXS,GENOMIC,unspecified,EGAX00001541819,EGAR00001586134,EGAN00001568600,SAM638573,SAMEA104176245,cell_line
EGAS00001002554,Genentech - Cell line exome sequencing,Other,ILLUMINA,Illumina HiSeq 2500,PAIRED,SAM20882212_exome,WXS,GENOMIC,unspecified,EGAX00001541820,EGAR00001586135,EGAN00001568601,SAM20882212,SAMEA104176246,cell_line
EGAS00001002554,Genentech - Cell line exome sequencing,Other,ILLUMINA,Illumina HiSeq 2500,PAIRED,SAM639011_exome,WXS,GENOMIC,unspecified,EGAX00001541821,EGAR00001586136,EGAN00001568602,SAM639011,SAMEA104176247,cell_line
EGAS00001002554,Genentech - Cell line exome sequencing,Other,ILLUMINA,Illumina HiSeq 2500,PAIRED,SAM635340_exome,WXS,GENOMIC,unspecified,EGAX00001541822,EGAR00001586137,EGAN00001568603,SAM635340,SAMEA104176248,cell_line
EGAS00001002554,Genentech - Cell line exome sequencing,Other,ILLUMINA,Illumina HiSeq 2500,PAIRED,SAM638607_exome,WXS,GENOMIC,unspecified,EGAX00001541823,EGAR00001586138,EGAN00001568604,SAM638607,SAMEA104176249,cell_line
EGAS00001002554,Genentech - Cell line exome sequencing,Other,ILLUMINA,Illumina HiSeq 2500,PAIRED,SAM638667_exome,WXS,GENOMIC,unspecified,EGAX00001541824,EGAR00001586139,EGAN00001568605,SAM638667,SAMEA104176250,cell_line
EGAS00001002554,Genentech - Cell line exome sequencing,Other,ILLUMINA,Illumina HiSeq 2500,PAIRED,SAM8979581_exome,WXS,GENOMIC,unspecified,EGAX00001541825,EGAR00001586140,EGAN00001568606,SAM8979581,SAMEA104176251,cell_line
EGAS00001002554,Genentech - Cell line exome sequencing,Other,ILLUMINA,Illumina HiSeq 2500,PAIRED,SAM636381_exome,WXS,GENOMIC,unspecified,EGAX00001541826,EGAR00001586141,EGAN00001568607,SAM636381,SAMEA104176252,cell_line
EGAS00001002554,Genentech - Cell line exome sequencing,Other,ILLUMINA,Illumina HiSeq 2500,PAIRED,SAM636330_exome,WXS,GENOMIC,unspecified,EGAX00001541827,EGAR00001586142,EGAN00001568608,SAM636330,SAMEA104176253,cell_line
EGAS00001002554,Genentech - Cell line exome sequencing,Other,ILLUMINA,Illumina HiSeq 2500,PAIRED,SAM638660_exome,WXS,GENOMIC,unspecified,EGAX00001541828,EGAR00001586143,EGAN00001568609,SAM638660,SAMEA104176254,cell_line
EGAS00001002554,Genentech - Cell line exome sequencing,Other,ILLUMINA,Illumina HiSeq 2500,PAIRED,SAM8979609_exome,WXS,GENOMIC,unspecified,EGAX00001541829,EGAR00001586144,EGAN00001568610,SAM8979609,SAMEA104176255,cell_line
EGAS00001002554,Genentech - Cell line exome sequencing,Other,ILLUMINA,Illumina HiSeq 2500,PAIRED,SAM636380_exome,WXS,GENOMIC,unspecified,EGAX00001541830,EGAR00001586145,EGAN00001568611,SAM636380,SAMEA104176256,cell_line
EGAS00001002554,Genentech - Cell line exome sequencing,Other,ILLUMINA,Illumina HiSeq 2500,PAIRED,SAM635339_exome,WXS,GENOMIC,unspecified,EGAX00001541831,EGAR00001586146,EGAN00001568612,SAM635339,SAMEA104176257,cell_line
EGAS00001002554,Genentech - Cell line exome sequencing,Other,ILLUMINA,Illumina HiSeq 2500,PAIRED,SAM636246_exome,WXS,GENOMIC,unspecified,EGAX00001541832,EGAR00001586147,EGAN00001568613,SAM636246,SAMEA104176258,cell_line
EGAS00001002554,Genentech - Cell line exome sequencing,Other,ILLUMINA,Illumina HiSeq 2500,PAIRED,SAM636428_exome,WXS,GENOMIC,unspecified,EGAX00001541833,EGAR00001586148,EGAN00001568614,SAM636428,SAMEA104176259,cell_line
EGAS00001002554,Genentech - Cell line exome sequencing,Other,ILLUMINA,Illumina HiSeq 2500,PAIRED,SAM636254_exome,WXS,GENOMIC,unspecified,EGAX00001541834,EGAR00001586149,EGAN00001568615,SAM636254,SAMEA104176260,cell_line
EGAS00001002554,Genentech - Cell line exome sequencing,Other,ILLUMINA,Illumina HiSeq 2500,PAIRED,SAM638616_exome,WXS,GENOMIC,unspecified,EGAX00001541835,EGAR00001586150,EGAN00001568616,SAM638616,SAMEA104176261,cell_line
EGAS00001002554,Genentech - Cell line exome sequencing,Other,ILLUMINA,Illumina HiSeq 2500,PAIRED,SAM638610_exome,WXS,GENOMIC,unspecified,EGAX00001541836,EGAR00001586151,EGAN00001568617,SAM638610,SAMEA104176262,cell_line
EGAS00001002554,Genentech - Cell line exome sequencing,Other,ILLUMINA,Illumina HiSeq 2500,PAIRED,SAM638590_exome,WXS,GENOMIC,unspecified,EGAX00001541837,EGAR00001586152,EGAN00001568618,SAM638590,SAMEA104176263,cell_line
EGAS00001002554,Genentech - Cell line exome sequencing,Other,ILLUMINA,Illumina HiSeq 2500,PAIRED,SAM638709_exome,WXS,GENOMIC,unspecified,EGAX00001541838,EGAR00001586153,EGAN00001568619,SAM638709,SAMEA104176264,cell_line
EGAS00001002554,Genentech - Cell line exome sequencing,Other,ILLUMINA,Illumina HiSeq 2500,PAIRED,SAM638600_exome,WXS,GENOMIC,unspecified,EGAX00001541839,EGAR00001586154,EGAN00001568620,SAM638600,SAMEA104176265,cell_line
EGAS00001002554,Genentech - Cell line exome sequencing,Other,ILLUMINA,Illumina HiSeq 2500,PAIRED,SAM8979568_exome,WXS,GENOMIC,unspecified,EGAX00001541840,EGAR00001586155,EGAN00001568621,SAM8979568,SAMEA104176266,cell_line
EGAS00001002554,Genentech - Cell line exome sequencing,Other,ILLUMINA,Illumina HiSeq 2500,PAIRED,SAM638561_exome,WXS,GENOMIC,unspecified,EGAX00001541841,EGAR00001586156,EGAN00001568622,SAM638561,SAMEA104176267,cell_line
EGAS00001002554,Genentech - Cell line exome sequencing,Other,ILLUMINA,Illumina HiSeq 2500,PAIRED,SAM638659_exome,WXS,GENOMIC,unspecified,EGAX00001541842,EGAR00001586157,EGAN00001568623,SAM638659,SAMEA104176268,cell_line
EGAS00001002554,Genentech - Cell line exome sequencing,Other,ILLUMINA,Illumina HiSeq 2500,PAIRED,SAM638630_exome,WXS,GENOMIC,unspecified,EGAX00001541843,EGAR00001586158,EGAN00001568624,SAM638630,SAMEA104176269,cell_line
EGAS00001002554,Genentech - Cell line exome sequencing,Other,ILLUMINA,Illumina HiSeq 2500,PAIRED,SAM638618_exome,WXS,GENOMIC,unspecified,EGAX00001541844,EGAR00001586159,EGAN00001568625,SAM638618,SAMEA104176270,cell_line
EGAS00001002554,Genentech - Cell line exome sequencing,Other,ILLUMINA,Illumina HiSeq 2500,PAIRED,SAM8979693_exome,WXS,GENOMIC,unspecified,EGAX00001541845,EGAR00001586160,EGAN00001568626,SAM8979693,SAMEA104176271,cell_line
EGAS00001002554,Genentech - Cell line exome sequencing,Other,ILLUMINA,Illumina HiSeq 2500,PAIRED,SAM638652_exome,WXS,GENOMIC,unspecified,EGAX00001541846,EGAR00001586161,EGAN00001568627,SAM638652,SAMEA104176272,cell_line
EGAS00001002554,Genentech - Cell line exome sequencing,Other,ILLUMINA,Illumina HiSeq 2500,PAIRED,SAM635329_exome,WXS,GENOMIC,unspecified,EGAX00001541847,EGAR00001586162,EGAN00001568628,SAM635329,SAMEA104176273,cell_line
EGAS00001002554,Genentech - Cell line exome sequencing,Other,ILLUMINA,Illumina HiSeq 2500,PAIRED,SAM635682_exome,WXS,GENOMIC,unspecified,EGAX00001541848,EGAR00001586163,EGAN00001568629,SAM635682,SAMEA104176274,cell_line
EGAS00001002554,Genentech - Cell line exome sequencing,Other,ILLUMINA,Illumina HiSeq 2500,PAIRED,SAM20882228_exome,WXS,GENOMIC,unspecified,EGAX00001541849,EGAR00001586164,EGAN00001568630,SAM20882228,SAMEA104176275,cell_line
EGAS00001002554,Genentech - Cell line exome sequencing,Other,ILLUMINA,Illumina HiSeq 2500,PAIRED,SAM637118_exome,WXS,GENOMIC,unspecified,EGAX00001541850,EGAR00001586165,EGAN00001568631,SAM637118,SAMEA104176276,cell_line
EGAS00001002554,Genentech - Cell line exome sequencing,Other,ILLUMINA,Illumina HiSeq 2500,PAIRED,SAM8979687_exome,WXS,GENOMIC,unspecified,EGAX00001541851,EGAR00001586166,EGAN00001568632,SAM8979687,SAMEA104176277,cell_line
EGAS00001002554,Genentech - Cell line exome sequencing,Other,ILLUMINA,Illumina HiSeq 2500,PAIRED,SAM636411_exome,WXS,GENOMIC,unspecified,EGAX00001541852,EGAR00001586167,EGAN00001568633,SAM636411,SAMEA104176278,cell_line
EGAS00001002554,Genentech - Cell line exome sequencing,Other,ILLUMINA,Illumina HiSeq 2500,PAIRED,SAM636227_exome,WXS,GENOMIC,unspecified,EGAX00001541853,EGAR00001586168,EGAN00001568634,SAM636227,SAMEA104176279,cell_line
EGAS00001002554,Genentech - Cell line exome sequencing,Other,ILLUMINA,Illumina HiSeq 2500,PAIRED,SAM636228_exome,WXS,GENOMIC,unspecified,EGAX00001541854,EGAR00001586169,EGAN00001568635,SAM636228,SAMEA104176280,cell_line
EGAS00001002554,Genentech - Cell line exome sequencing,Other,ILLUMINA,Illumina HiSeq 2500,PAIRED,SAM636361_exome,WXS,GENOMIC,unspecified,EGAX00001541855,EGAR00001586170,EGAN00001568636,SAM636361,SAMEA104176281,cell_line
EGAS00001002554,Genentech - Cell line exome sequencing,Other,ILLUMINA,Illumina HiSeq 2500,PAIRED,SAM637040_exome,WXS,GENOMIC,unspecified,EGAX00001541856,EGAR00001586171,EGAN00001568637,SAM637040,SAMEA104176282,cell_line
EGAS00001002554,Genentech - Cell line exome sequencing,Other,ILLUMINA,Illumina HiSeq 2500,PAIRED,SAM636332_exome,WXS,GENOMIC,unspecified,EGAX00001541857,EGAR00001586172,EGAN00001568638,SAM636332,SAMEA104176283,cell_line
EGAS00001002554,Genentech - Cell line exome sequencing,Other,ILLUMINA,Illumina HiSeq 2500,PAIRED,SAM8979689_exome,WXS,GENOMIC,unspecified,EGAX00001541858,EGAR00001586173,EGAN00001568639,SAM8979689,SAMEA104176284,cell_line
EGAS00001002554,Genentech - Cell line exome sequencing,Other,ILLUMINA,Illumina HiSeq 2500,PAIRED,SAM8979668_exome,WXS,GENOMIC,unspecified,EGAX00001541859,EGAR00001586174,EGAN00001568640,SAM8979668,SAMEA104176285,cell_line
EGAS00001002554,Genentech - Cell line exome sequencing,Other,ILLUMINA,Illumina HiSeq 2500,PAIRED,SAM637016_exome,WXS,GENOMIC,unspecified,EGAX00001541860,EGAR00001586175,EGAN00001568641,SAM637016,SAMEA104176286,cell_line
EGAS00001002554,Genentech - Cell line exome sequencing,Other,ILLUMINA,Illumina HiSeq 2500,PAIRED,SAM8979726_exome,WXS,GENOMIC,unspecified,EGAX00001541861,EGAR00001586176,EGAN00001568642,SAM8979726,SAMEA104176287,cell_line
EGAS00001002554,Genentech - Cell line exome sequencing,Other,ILLUMINA,Illumina HiSeq 2500,PAIRED,SAM635318_exome,WXS,GENOMIC,unspecified,EGAX00001541862,EGAR00001586177,EGAN00001568643,SAM635318,SAMEA104176288,cell_line
EGAS00001002554,Genentech - Cell line exome sequencing,Other,ILLUMINA,Illumina HiSeq 2500,PAIRED,SAM638553_exome,WXS,GENOMIC,unspecified,EGAX00001541863,EGAR00001586178,EGAN00001568644,SAM638553,SAMEA104176289,cell_line
EGAS00001002554,Genentech - Cell line exome sequencing,Other,ILLUMINA,Illumina HiSeq 2500,PAIRED,SAM638672_exome,WXS,GENOMIC,unspecified,EGAX00001541864,EGAR00001586179,EGAN00001568645,SAM638672,SAMEA104176290,cell_line
EGAS00001002554,Genentech - Cell line exome sequencing,Other,ILLUMINA,Illumina HiSeq 2500,PAIRED,SAM636419_exome,WXS,GENOMIC,unspecified,EGAX00001541865,EGAR00001586180,EGAN00001568646,SAM636419,SAMEA104176291,cell_line
EGAS00001002554,Genentech - Cell line exome sequencing,Other,ILLUMINA,Illumina HiSeq 2500,PAIRED,SAM638583_exome,WXS,GENOMIC,unspecified,EGAX00001541866,EGAR00001586181,EGAN00001568647,SAM638583,SAMEA104176292,cell_line
EGAS00001002554,Genentech - Cell line exome sequencing,Other,ILLUMINA,Illumina HiSeq 2500,PAIRED,SAM635694_exome,WXS,GENOMIC,unspecified,EGAX00001541867,EGAR00001586182,EGAN00001568648,SAM635694,SAMEA104176293,cell_line
EGAS00001002554,Genentech - Cell line exome sequencing,Other,ILLUMINA,Illumina HiSeq 2500,PAIRED,SAM637043_exome,WXS,GENOMIC,unspecified,EGAX00001541868,EGAR00001586183,EGAN00001568649,SAM637043,SAMEA104176294,cell_line
EGAS00001002554,Genentech - Cell line exome sequencing,Other,ILLUMINA,Illumina HiSeq 2500,PAIRED,SAM636421_exome,WXS,GENOMIC,unspecified,EGAX00001541869,EGAR00001586184,EGAN00001568650,SAM636421,SAMEA104176295,cell_line
EGAS00001002554,Genentech - Cell line exome sequencing,Other,ILLUMINA,Illumina HiSeq 2500,PAIRED,SAM20882150_exome,WXS,GENOMIC,unspecified,EGAX00001541870,EGAR00001586185,EGAN00001568651,SAM20882150,SAMEA104176296,cell_line
EGAS00001002554,Genentech - Cell line exome sequencing,Other,ILLUMINA,Illumina HiSeq 2500,PAIRED,SAM638651_exome,WXS,GENOMIC,unspecified,EGAX00001541871,EGAR00001586186,EGAN00001568652,SAM638651,SAMEA104176297,cell_line
EGAS00001002554,Genentech - Cell line exome sequencing,Other,ILLUMINA,Illumina HiSeq 2500,PAIRED,SAM638695_exome,WXS,GENOMIC,unspecified,EGAX00001541872,EGAR00001586187,EGAN00001568653,SAM638695,SAMEA104176298,cell_line
EGAS00001002554,Genentech - Cell line exome sequencing,Other,ILLUMINA,Illumina HiSeq 2500,PAIRED,SAM20882303_exome,WXS,GENOMIC,unspecified,EGAX00001541873,EGAR00001586188,EGAN00001568654,SAM20882303,SAMEA104176299,cell_line
EGAS00001002554,Genentech - Cell line exome sequencing,Other,ILLUMINA,Illumina HiSeq 2500,PAIRED,SAM637141_exome,WXS,GENOMIC,unspecified,EGAX00001541874,EGAR00001586189,EGAN00001568655,SAM637141,SAMEA104176300,cell_line
EGAS00001002554,Genentech - Cell line exome sequencing,Other,ILLUMINA,Illumina HiSeq 2500,PAIRED,SAM635711_exome,WXS,GENOMIC,unspecified,EGAX00001541875,EGAR00001586190,EGAN00001568656,SAM635711,SAMEA104176301,cell_line
EGAS00001002554,Genentech - Cell line exome sequencing,Other,ILLUMINA,Illumina HiSeq 2500,PAIRED,SAM635713_exome,WXS,GENOMIC,unspecified,EGAX00001541876,EGAR00001586191,EGAN00001568657,SAM635713,SAMEA104176302,cell_line
EGAS00001002554,Genentech - Cell line exome sequencing,Other,ILLUMINA,Illumina HiSeq 2500,PAIRED,SAM635714_exome,WXS,GENOMIC,unspecified,EGAX00001541877,EGAR00001586192,EGAN00001568658,SAM635714,SAMEA104176303,cell_line
EGAS00001002554,Genentech - Cell line exome sequencing,Other,ILLUMINA,Illumina HiSeq 2500,PAIRED,SAM638685_exome,WXS,GENOMIC,unspecified,EGAX00001541878,EGAR00001586193,EGAN00001568659,SAM638685,SAMEA104176304,cell_line
EGAS00001002554,Genentech - Cell line exome sequencing,Other,ILLUMINA,Illumina HiSeq 2500,PAIRED,SAM636384_exome,WXS,GENOMIC,unspecified,EGAX00001541879,EGAR00001586194,EGAN00001568660,SAM636384,SAMEA104176305,cell_line
EGAS00001002554,Genentech - Cell line exome sequencing,Other,ILLUMINA,Illumina HiSeq 2500,PAIRED,SAM635718_exome,WXS,GENOMIC,unspecified,EGAX00001541880,EGAR00001586195,EGAN00001568661,SAM635718,SAMEA104176306,cell_line
EGAS00001002554,Genentech - Cell line exome sequencing,Other,ILLUMINA,Illumina HiSeq 2500,PAIRED,SAM637018_exome,WXS,GENOMIC,unspecified,EGAX00001541881,EGAR00001586196,EGAN00001568662,SAM637018,SAMEA104176307,cell_line
